100827.00;Бафф DRY-COOL REFLECTIVE BUFF® NAVY;1;11.70;2;1067;426;3;41;99;-;23
100828.00;Бафф DRY-COOL REFLECTIVE BUFF® YELLOW FLUOR;1;11.70;2;1067;426;3;41;99;-;23
100829.00;Бафф DRY-COOL BUFF® NAVY;1;10.10;2;1067;369;3;41;99;-;23
100830.00;Бафф DRY-COOL BUFF® YELLOW FLUOR;1;10.10;2;1067;369;3;41;99;-;23
100832.00;Бафф DRY COOL BUFF® BLACK;1;10.10;2;1067;369;3;41;99;-;23
100837.00;Бафф DRY-COOL BUFF® ORANGE FLUOR;1;10.10;2;1067;369;3;41;99;-;23
101869.00;Бафф DRY-COOL BUFF® GREEN FOREST;1;10.10;2;1067;369;3;41;99;-;23
100545.00;Бафф DRY-COOL BUFF® MO OBSESSION;1;10.90;2;1067;398;3;41;99;-;23
100548.00;Бафф DRY-COOL BUFF® MO DUCK BLIND;1;10.90;2;1067;398;3;41;99;-;23
108426.00;Бафф DRY-COOL BUFF® BLAZE ORANGE;1;10.10;2;1067;369;3;41;99;-;23
111469.117.10.00;Бафф HELMET LINER PRO BUFF® SOLID YELLOW FLUOR;1;11.70;2;1067;427;3;41;99;-;23
100497.00.00;Бафф THERMAL REFLECTIVE BUFF® BLACK;1;11.70;2;1067;427;3;41;99;-;23
100495.00.00;Бафф THERMAL BUFF® NAVY;1;10.10;2;1067;370;3;41;99;-;23
100496.00.00;Бафф THERMAL BUFF® YELLOW FLUOR;1;10.10;2;1067;370;3;41;99;-;23
100498.00.00;Бафф THERMAL BUFF® BLACK;1;10.10;2;1067;370;3;41;99;-;23
100842.00.00;Бафф THERMAL BUFF® ORANGE FLUOR;1;10.10;2;1067;370;3;41;99;-;23
111543.425.10.00;Бафф THERMAL BUFF® CARABINER RED;1;10.10;2;1067;370;3;41;99;-;23
111545.787.10.00;Бафф THERMAL BUFF® VERTICAL NAVY;1;10.10;2;1067;370;3;41;99;-;23
111544.937.10.00;Бафф THERMAL BUFF® METALLIC GREY;1;10.10;2;1067;370;3;41;99;-;23
111546.211.10.00;Бафф THERMAL BUFF® TOOLS ORANGE FLUOR;1;10.10;2;1067;370;3;41;99;-;23
111560.325.10.00;Бафф THERMAL BUFF® BLOCKS BROWN;2;10.10;2;1067;370;3;41;99;-;23
111562.845.10.00;Бафф THERMAL BUFF® LEAVES GREEN;1;10.10;2;1067;370;3;41;99;-;23
111549.805.10.00;Бафф THERMAL BUFF® PLANTS OLIVE;1;10.10;2;1067;370;3;41;99;-;23
111548.846.10.00;Бафф MOSSY OAK THERMAL BUFF® OBSESSION MILITARY;1;10.90;2;1067;398;3;41;99;-;23
111561.805.10.00;Бафф MOSSY OAK THERMAL BUFF® DUCK BLIND OLIVE;1;10.90;2;1067;398;3;41;99;-;23
111547.846.10.00;Бафф THERMAL BUFF® CAMU MILITARY;1;10.10;2;1067;370;3;41;99;-;23
111583.937.10.00;Бафф POLAR BUFF® METALLIC GREY;2;16.40;2;1067;594;3;41;99;-;23
111584.787.10.00;Бафф POLAR BUFF® VERTICAL NAVY-NAVY-ONESIZ-;1;16.40;2;1067;594;3;41;99;-;23
111585.211.10.00;Бафф POLAR BUFF® TOOLS ORANGE FLUOR-;1;16.40;2;1067;594;3;41;99;-;23
111587.846.10.00;Бафф MOSSY OAK POLAR BUFF® OBSESSION MILITARY;1;17.20;2;1067;638;3;41;99;-;23
111588.805.10.00;Бафф POLAR BUFF® PLANTS OLIVE;1;16.40;2;1067;594;3;41;99;-;23
111590.211.10.00;Бафф POLAR BUFF® SOLID ORANGE FLUOR;1;16.40;2;1067;594;3;41;99;-;23
101218.00;Бафф POLAR REFLECTIVE BUFF® YELLOWFLUOR;1;18.20;2;1067;660;3;41;99;-;23
101219.00;Бафф POLAR BUFF® NAVY;1;16.40;2;1067;594;3;41;99;-;23
101220.00;Бафф POLAR BUFF® YELLOW FLUOR;1;16.40;2;1067;594;3;41;99;-;23
101222.00;Бафф POLAR BUFF® BLACK;1;16.40;2;1067;594;3;41;99;-;23
101223.00;Бафф POLAR BUFF® GREEN FOREST;1;16.40;2;1067;594;3;41;99;-;23
111581.999.10.00;Бафф WINDPROOF BUFF® SOLID BLACK;1;27.00;2;1067;990;3;41;99;-;23
108519.CF;Бафф CHEF'S COLLECTION BUFF® POMODORO;1;10.00;2;1067;374;3;41;99;-;23
111576.555.10.CF;Шапка CHEF'S COLLECTION BUFF® VEGETABLES;1;10.00;2;1067;374;3;41;99;-;23
111577.555.10.CF;Шапка CHEF'S COLLECTION BUFF® BAKERYMULTI-;1;10.00;2;1067;374;3;41;99;-;23
111578.014.10.CF;Шапка CHEF'S COLLETION BUFF® SPIRALICRU-CRU-;1;10.00;2;1067;374;3;41;99;-;23
111580.999.10.CF;Шапка CHEF'S COLLECTION BUFF® COOK BLACK-;1;10.00;2;1067;374;3;41;99;-;23
108516.CF;Бафф CHEF'S COLLECTION BUFF® BOLETUS;1;10.00;2;1067;374;3;41;99;-;23
108517.CF;Бафф CHEF'S COLLECTION BUFF® BLACKBOARD;1;10.00;2;1067;374;3;41;99;-;23
111573.555.10.MD;Шапка MEDICAL COLLECTION BUFF® COLOUR PRINTS MULTI;1;10.00;2;1067;374;3;41;99;-;23
111574.538.10.MD;Шапка MEDICAL COLLECTION BUFF® LIPSPINK-PINK;1;10.00;2;1067;374;3;41;99;-;23
108506.MD;Бафф MEDICAL COLLECTION BUFF® WHITETEETH;1;10.00;2;1067;374;3;41;99;-;23
108507.MD;Бафф MEDICAL COLLECTION BUFF® HAPPYANIMALS;1;10.00;2;1067;374;3;41;99;-;23
108509.MD;Бафф MEDICAL COLLECTION BUFF® COLOUR PLASTER;1;10.00;2;1067;374;3;41;99;-;23
111470.999.25.00;Шапка WINDPROOF HAT BUFF® SOLID BLACK M/L;1;30.00;2;1067;1100;3;41;99;-;23
